{
  "name": "pouchdb-authentication",
  "version": "0.5.5",
  "description": "Easy authentication plugin for PouchDB/CouchDB",
  "main": "dist/pouchdb.authentication.js",
  "homepage": "https://github.com/nolanlawson/pouchdb-authentication",
  "authors": [
    "Nolan Lawson <nolan.lawson@gmail.com>"
  ],
  "keywords": [
    "pouchdb",
    "couchdb",
    "authentication"
  ],
  "license": "Apache 2.0",
  "ignore": [
    "**/.*",
    "node_modules",
    "bower_components",
    "test",
    "tests"
  ],
  "_release": "0.5.5",
  "_resolution": {
    "type": "version",
    "tag": "v0.5.5",
    "commit": "140309cdbd53a611ba680f77677f7ca9971c8c92"
  },
  "_source": "https://github.com/nolanlawson/pouchdb-authentication.git",
  "_target": "^0.5.5",
  "_originalSource": "pouchdb-authentication",
  "_direct": true
}